"Adresse","Type de contenu","Code HTTP","Statut","Indexabilité","Statut d'indexabilité","Title 1","Longueur du Title 1","Largeur en pixels du Title 1","Meta Description 1","Longueur de la Meta Description 1","Largeur en pixels de la Meta Description 1","Meta Keywords 1","Longueur des Meta Keywords 1","H1-1","Longueur du H1-1","H2-1","Longueur du H2-1","H2-2","Longueur du H2-2","Meta Robots 1","Meta Robots 2","Balise X-Robots 1","Meta Refresh 1","Élément de lien en version canonique 1","Élément de lien en version canonique 2","rel=""next"" 1","rel=""prev"" 1","HTTP rel=""next"" 1","HTTP rel=""prev"" 1","Élément de lien amphtml","Taille (octets)","Transféré (octets)","Total transféré (en octets)","CO2 (mg)","Empreinte carbone","Nombre de mots","Nombre de phrases","Moyenne de mots par phrase","Score de lisibilité de Flesch","Lisibilité","Ratio texte","Crawl profondeur","Profondeur du dossier","Link Score","Liens entrants","Liens entrants uniques","Liens entrants JS uniques","% du total","Liens sortants","Liens sortants uniques","Liens sortants JS uniques","Liens sortants externes","Liens sortants externes uniques","Liens sortants JS externes uniques","Quasi-doublon le plus proche","Nombre de quasi-doublons","Erreurs d'orthographe","Erreurs de grammaire","Hachage","Temps de réponse","Last Modified","URL de redirection","Type de redirection","Cookies","Language","Version HTTP","Lien alternate mobile","Adresse sémantiquement similaire la plus proche","Score de similarité sémantique","Nbre sémantiquement similaires","Score de pertinence sémantique","Adresse codée en URL","Horodatage du crawl"
"https://www.al-metallerie.fr/","text/html; charset=UTF-8","200","OK","Indexable","","AL Métallerie & Soudure | Métallier Ferronnier à Thiers, Puy-de-Dôme (63)","73","653","AL Métallerie & Soudure, artisan métallier ferronnier à Thiers (63). Fabrication sur mesure : portails, garde-corps, escaliers. Devis gratuit ☎ 06 73 33 35 32","158","934","métallerie Thiers, ferronnier Puy-de-Dôme, soudure 63, portail sur mesure, garde-corps, escalier métallique, pergola, ferronnerie art, artisan métallier Auvergne, formation soudure","180","Métallier Ferronnier à Thiers","29","Bienvenue chez AL Métallerie","28","Créations sur mesure","20","max-image-preview:large","index, follow, max-image-preview:large","","","https://www.al-metallerie.fr/","","","","","","","144920","21589","21589","8,270","","665","128","5,195","55,770","Assez difficile","5,717","0","0","","89","34","0","100,000","63","34","0","4","4","0","","","","","1c0e41612783427a291c98fe3be52cea","0,326","","","","","fr-FR","1.1","","","","","","https://www.al-metallerie.fr/","2025-12-07 12:22:08"
"https://www.al-metallerie.fr/realisations/garde-corps-celles-sur-durolle-22-06-2022/","text/html; charset=UTF-8","200","OK","Indexable","","Fabrication d’un garde-corps en acier – AL Métallerie Soudure | Thiers – Puy-de-Dôme","84","764","Garde-corps à Celles-Sur-Durolle par AL Métallerie, artisan ferronnier à Thiers (63). Réalisé en 1 semaine. Découvrez ce projet et demandez votre devis...","154","929","","0","Fabrication d’un garde-corps en acier","37","Garde-corps sur-mesure à Celles-Sur-Durolle : notre dernière création","69","Pourquoi choisir AL Métallerie ?","32","max-image-preview:large","index, follow, max-image-preview:large, max-snippet:-1, max-video-preview:-1","","","https://www.al-metallerie.fr/realisations/garde-corps-celles-sur-durolle-22-06-2022/","https://www.al-metallerie.fr/realisations/garde-corps-celles-sur-durolle-22-06-2022/","","","","","","96683","19136","19136","7,331","","272","50","5,440","55,441","Assez difficile","5,676","1","2","","13","6","0","17,650","45","30","0","4","4","0","","","","","86d7933acafb85b6ec2346623bad4419","0,418","","","","","fr-FR","1.1","","","","","","https://www.al-metallerie.fr/realisations/garde-corps-celles-sur-durolle-22-06-2022/","2025-12-07 12:22:15"
"https://www.al-metallerie.fr/politique-confidentialite","text/html; charset=UTF-8","301","Moved Permanently","Non indexable","Redirigé","","0","0","","0","0","","0","","0","","0","","0","","","","","","","","","","","","0","0","0","0,000","","0","","","","","0,000","1","0","","37","34","0","100,000","0","0","0","0","0","0","","","","","","0,211","","https://www.al-metallerie.fr/politique-confidentialite/","Redirection HTTP","","","1.1","","","","","","https://www.al-metallerie.fr/politique-confidentialite","2025-12-07 12:22:16"
"https://www.al-metallerie.fr/realisations/ferronnerie-dart-pont-de-dore-16-03-2022/","text/html; charset=UTF-8","200","OK","Indexable","","Fabrication et pose d’une marquise – AL Métallerie Soudure | Thiers – Puy-de-Dôme","81","748","Ferronnerie d'art à Pont-de-Dore par AL Métallerie, artisan ferronnier à Thiers (63). Réalisé en 2 jours. Découvrez ce projet et demandez votre devis g...","154","918","","0","Fabrication et pose d’une marquise","34","Projet de Ferronnerie d'art réalisé à Pont-de-Dore","50","Pourquoi choisir AL Métallerie ?","32","max-image-preview:large","index, follow, max-image-preview:large, max-snippet:-1, max-video-preview:-1","","","https://www.al-metallerie.fr/realisations/ferronnerie-dart-pont-de-dore-16-03-2022/","https://www.al-metallerie.fr/realisations/ferronnerie-dart-pont-de-dore-16-03-2022/","","","","","","93386","18792","18792","7,199","","282","49","5,755","66,894","Normal","5,872","1","2","","47","34","0","100,000","45","30","0","4","4","0","","","","","6e4215eeb9dd5ba78e8377330a56cf9f","0,376","","","","","fr-FR","1.1","","","","","","https://www.al-metallerie.fr/realisations/ferronnerie-dart-pont-de-dore-16-03-2022/","2025-12-07 12:22:15"
"https://www.al-metallerie.fr/https://www.al-metallerie.fr/formations/","text/html; charset=UTF-8","301","Moved Permanently","Non indexable","Redirigé","","0","0","","0","0","","0","","0","","0","","0","","","","","","","","","","","","0","0","0","0,000","","0","","","","","0,000","1","3","","1","1","0","2,940","0","0","0","0","0","0","","","","","","0,198","","https://www.al-metallerie.fr/formations/","Redirection HTTP","","","1.1","","","","","","https://www.al-metallerie.fr/https://www.al-metallerie.fr/formations/","2025-12-07 12:22:16"
"https://www.al-metallerie.fr/realisations/portails-serrurerie-aubiere-13-09-2022/","text/html; charset=UTF-8","200","OK","Indexable","","Fabrication et pose d’un portail coulissant en acier thermolaqué – AL Métallerie Soudure | Thiers – Puy-de-Dôme","111","1001","Portails à Aubiere par AL Métallerie, artisan ferronnier à Thiers (63). Réalisé en 1 semaine. Découvrez ce projet et demandez votre devis gratuit !","147","879","","0","Fabrication et pose d’un portail coulissant en acier thermolaqué","64","Portails sur-mesure à Aubiere : notre dernière création","55","Pourquoi choisir AL Métallerie ?","32","max-image-preview:large","index, follow, max-image-preview:large, max-snippet:-1, max-video-preview:-1","","","https://www.al-metallerie.fr/realisations/portails-serrurerie-aubiere-13-09-2022/","https://www.al-metallerie.fr/realisations/portails-serrurerie-aubiere-13-09-2022/","","","","","","92822","18695","18695","7,162","","268","48","5,583","61,641","Normal","5,863","1","2","","83","34","0","100,000","46","30","0","4","4","0","","","","","22062a38d1100415d87c31d737a4f6b7","0,395","","","","","fr-FR","1.1","","","","","","https://www.al-metallerie.fr/realisations/portails-serrurerie-aubiere-13-09-2022/","2025-12-07 12:22:16"
"https://www.al-metallerie.fr/type-realisation/serrurerie/","text/html; charset=UTF-8","200","OK","Indexable","","Serrurerie sur mesure | AL Métallerie & Soudure Thiers, Puy-de-Dôme","67","615","Serrurerie sur mesure à Thiers (63) par AL Métallerie & Soudure. Fabrication artisanale, fer forgé et métal. Devis gratuit !","124","734","métallerie Thiers, ferronnier Puy-de-Dôme, soudure 63, portail sur mesure, garde-corps, escalier métallique, pergola, ferronnerie art, artisan métallier Auvergne, formation soudure","180","Serrurerie","10","Fabrication et pose d’un portail coulissant en acier thermolaqué","64","","0","max-image-preview:large","index, follow, max-image-preview:large","","","https://www.al-metallerie.fr/type-realisation/serrurerie/","","","","","","","102061","16880","16880","6,466","","46","10","4,600","42,162","Difficile","3,663","1","2","","35","34","0","100,000","37","29","0","4","4","0","","","","","c9b5d27906de71d5c587bef7bd9c8bc0","0,250","","","","","fr-FR","1.1","","","","","","https://www.al-metallerie.fr/type-realisation/serrurerie/","2025-12-07 12:22:16"
"https://www.al-metallerie.fr/type-realisation/garde-corps/","text/html; charset=UTF-8","200","OK","Indexable","","Garde-corps sur mesure | AL Métallerie & Soudure Thiers, Puy-de-Dôme","68","635","Garde-corps sur mesure à Thiers (63) par AL Métallerie & Soudure. Fabrication artisanale, fer forgé et métal. Devis gratuit !","125","751","métallerie Thiers, ferronnier Puy-de-Dôme, soudure 63, portail sur mesure, garde-corps, escalier métallique, pergola, ferronnerie art, artisan métallier Auvergne, formation soudure","180","Garde-corps","11","Fabrication et pose d’un garde-corps et d’un portillon","54","Garde-corps et portillon en acier thermolaqué","45","max-image-preview:large","index, follow, max-image-preview:large","","","https://www.al-metallerie.fr/type-realisation/garde-corps/","","","","","","","115334","17601","17601","6,743","","106","31","3,419","51,723","Assez difficile","3,600","1","2","","46","34","0","100,000","47","32","0","4","4","0","","","","","b97ac5b4bd55c87794f71ab2b35d7599","0,267","","","","","fr-FR","1.1","","","","","","https://www.al-metallerie.fr/type-realisation/garde-corps/","2025-12-07 12:22:16"
"https://www.al-metallerie.fr/realisations/autres-vehicules-vichy-15-09-2021/","text/html; charset=UTF-8","200","OK","Indexable","","Hard-top PickUp pour chasseur – AL Métallerie Soudure | Thiers – Puy-de-Dôme","76","711","Autres à Vichy par AL Métallerie, artisan ferronnier à Thiers (63). Réalisé en 1 semaine. Découvrez ce projet et demandez votre devis gratuit !","143","859","","0","Hard-top PickUp pour chasseur","29","Autres sur-mesure à Vichy : notre dernière création","51","Pourquoi choisir AL Métallerie ?","32","max-image-preview:large","index, follow, max-image-preview:large, max-snippet:-1, max-video-preview:-1","","","https://www.al-metallerie.fr/realisations/autres-vehicules-vichy-15-09-2021/","https://www.al-metallerie.fr/realisations/autres-vehicules-vichy-15-09-2021/","","","","","","95770","18737","18737","7,178","","256","45","5,689","67,882","Normal","5,484","1","2","","81","34","0","100,000","46","31","0","4","4","0","","","","","9d116a87f778d73a7446a1db2e4acdfa","0,270","","","","","fr-FR","1.1","","","","","","https://www.al-metallerie.fr/realisations/autres-vehicules-vichy-15-09-2021/","2025-12-07 12:22:16"
"https://www.al-metallerie.fr/wp-content/plugins/litespeed-cache/assets/js/instant_click.min.js","","0","Bloqué par robots.txt","Non indexable","Bloqué par robots.txt","","0","0","","0","0","","0","","0","","0","","0","","","","","","","","","","","","0","0","0","0,000","","0","","","","","0,000","1","5","","0","0","0","0,000","0","0","0","0","0","0","","","","","","","","","","","","None","","","","","","https://www.al-metallerie.fr/wp-content/plugins/litespeed-cache/assets/js/instant_click.min.js","2025-12-07 12:22:17"
"https://www.al-metallerie.fr/mentions-legales","text/html; charset=UTF-8","301","Moved Permanently","Non indexable","Redirigé","","0","0","","0","0","","0","","0","","0","","0","","","","","","","","","","","","0","0","0","0,000","","0","","","","","0,000","1","0","","35","34","0","100,000","0","0","0","0","0","0","","","","","","0,134","","https://www.al-metallerie.fr/mentions-legales/","Redirection HTTP","","","1.1","","","","","","https://www.al-metallerie.fr/mentions-legales","2025-12-07 12:22:17"
"https://www.al-metallerie.fr/https://www.al-metallerie.fr/formations-particuliers/","text/html; charset=UTF-8","301","Moved Permanently","Non indexable","Redirigé","","0","0","","0","0","","0","","0","","0","","0","","","","","","","","","","","","0","0","0","0,000","","0","","","","","0,000","1","3","","1","1","0","2,940","0","0","0","0","0","0","","","","","","0,152","","https://www.al-metallerie.fr/formations-particuliers/","Redirection HTTP","","","1.1","","","","","","https://www.al-metallerie.fr/https://www.al-metallerie.fr/formations-particuliers/","2025-12-07 12:22:17"
"https://www.al-metallerie.fr/realisations/grilles-cournon-dauvergne-04-03-2022/","text/html; charset=UTF-8","200","OK","Indexable","","Grilles de défense – AL Métallerie Soudure | Thiers – Puy-de-Dôme","65","596","Grilles à Cournon-d'Auvergne par AL Métallerie, artisan ferronnier à Thiers (63). Réalisé en 3 jours. Découvrez ce projet et demandez votre devis gratu...","154","925","","0","Grilles de défense","18","Projet de Grilles réalisé à Cournon-d'Auvergne","46","Pourquoi choisir AL Métallerie ?","32","max-image-preview:large","index, follow, max-image-preview:large, max-snippet:-1, max-video-preview:-1","","","https://www.al-metallerie.fr/realisations/grilles-cournon-dauvergne-04-03-2022/","https://www.al-metallerie.fr/realisations/grilles-cournon-dauvergne-04-03-2022/","","","","","","92945","18561","18561","7,110","","257","48","5,354","68,740","Normal","5,669","1","2","","47","34","0","100,000","45","29","0","4","4","0","","","","","8f0399929d1633509b37a07b2aaf1bda","0,252","","","","","fr-FR","1.1","","","","","","https://www.al-metallerie.fr/realisations/grilles-cournon-dauvergne-04-03-2022/","2025-12-07 12:22:17"
"https://www.al-metallerie.fr/realisations/autres-billom-08-06-2022/","text/html; charset=UTF-8","200","OK","Indexable","","Fabrication d’une piscine inox – AL Métallerie Soudure | Thiers – Puy-de-Dôme","77","698","Autres à Billom par AL Métallerie, artisan ferronnier à Thiers (63). Réalisé en 3 jours. Découvrez ce projet et demandez votre devis gratuit !","142","842","","0","Fabrication d’une piscine inox","30","Projet de Autres réalisé à Billom","33","Pourquoi choisir AL Métallerie ?","32","max-image-preview:large","index, follow, max-image-preview:large, max-snippet:-1, max-video-preview:-1","","","https://www.al-metallerie.fr/realisations/autres-billom-08-06-2022/","https://www.al-metallerie.fr/realisations/autres-billom-08-06-2022/","","","","","","92175","18668","18668","7,151","","228","41","5,561","70,580","Assez facile","5,491","1","2","","47","34","0","100,000","45","30","0","4","4","0","","","","","5347b030407117547cffc047fa694a76","0,262","","","","","fr-FR","1.1","","","","","","https://www.al-metallerie.fr/realisations/autres-billom-08-06-2022/","2025-12-07 12:22:17"
"https://www.al-metallerie.fr/type-realisation/escaliers/","text/html; charset=UTF-8","200","OK","Indexable","","Escaliers sur mesure | AL Métallerie & Soudure Thiers, Puy-de-Dôme","66","606","Escaliers sur mesure à Thiers (63) par AL Métallerie & Soudure. Fabrication artisanale, fer forgé et métal. Devis gratuit !","123","729","métallerie Thiers, ferronnier Puy-de-Dôme, soudure 63, portail sur mesure, garde-corps, escalier métallique, pergola, ferronnerie art, artisan métallier Auvergne, formation soudure","180","Escaliers","9","Fabrication et pose d’un escalier en acier thermolaqué avec marches en bois","75","","0","max-image-preview:large","index, follow, max-image-preview:large","","","https://www.al-metallerie.fr/type-realisation/escaliers/","","","","","","","101404","16961","16961","6,497","","48","10","4,800","45,101","Difficile","3,685","1","2","","36","34","0","100,000","37","29","0","4","4","0","","","","","a40b645845f40b70fe3dd4a40e5086d3","0,266","","","","","fr-FR","1.1","","","","","","https://www.al-metallerie.fr/type-realisation/escaliers/","2025-12-07 12:22:17"
"https://www.al-metallerie.fr/realisations/autres-mobilier-metallique-aubiere-12-05-2022/","text/html; charset=UTF-8","200","OK","Indexable","","Fabrication d’un évier double vasque en inox – AL Métallerie Soudure | Thiers – Puy-de-Dôme","91","829","Autres à Aubiere par AL Métallerie, artisan ferronnier à Thiers (63). Réalisé en 2 jours. Découvrez ce projet et demandez votre devis gratuit !","143","851","","0","Fabrication d’un évier double vasque en inox","44","Réalisation Autres à Aubiere par AL Métallerie","46","Pourquoi choisir AL Métallerie ?","32","max-image-preview:large","index, follow, max-image-preview:large, max-snippet:-1, max-video-preview:-1","","","https://www.al-metallerie.fr/realisations/autres-mobilier-metallique-aubiere-12-05-2022/","https://www.al-metallerie.fr/realisations/autres-mobilier-metallique-aubiere-12-05-2022/","","","","","","91519","18583","18583","7,119","","248","42","5,905","68,142","Normal","5,628","1","2","","83","34","0","100,000","46","30","0","4","4","0","","","","","a8862aa40e203db77be1a27434418b74","0,278","","","","","fr-FR","1.1","","","","","","https://www.al-metallerie.fr/realisations/autres-mobilier-metallique-aubiere-12-05-2022/","2025-12-07 12:22:17"
"https://www.al-metallerie.fr/realisations/grilles-clermont-ferrand-14-11-2021/","text/html; charset=UTF-8","200","OK","Indexable","","Cadre design en acier – AL Métallerie Soudure | Thiers – Puy-de-Dôme","68","628","Grilles à Clermont-Ferrand par AL Métallerie, artisan ferronnier à Thiers (63). Réalisé en 1 semaine. Découvrez ce projet et demandez votre devis gratu...","154","929","","0","Cadre design en acier","21","Projet de Grilles réalisé à Clermont-Ferrand","44","Pourquoi choisir AL Métallerie ?","32","max-image-preview:large","index, follow, max-image-preview:large, max-snippet:-1, max-video-preview:-1","","","https://www.al-metallerie.fr/realisations/grilles-clermont-ferrand-14-11-2021/","https://www.al-metallerie.fr/realisations/grilles-clermont-ferrand-14-11-2021/","","","","","","99599","19107","19107","7,320","","259","46","5,630","63,931","Normal","5,302","1","2","","45","34","0","100,000","45","31","0","4","4","0","","","","","4dab99342f298c3b75877f61a1aba4e4","0,259","","","","","fr-FR","1.1","","","","","","https://www.al-metallerie.fr/realisations/grilles-clermont-ferrand-14-11-2021/","2025-12-07 12:22:17"
"https://www.al-metallerie.fr/realisations/garde-corps-thiers-16-11-2022/","text/html; charset=UTF-8","200","OK","Indexable","","Fabrication et pose d’un garde-corps en inox – AL Métallerie Soudure | Thiers – Puy-de-Dôme","91","828","Garde-corps à Thiers par AL Métallerie, artisan ferronnier à Thiers (63). Réalisé en 3 semaines. Découvrez ce projet et demandez votre devis gratuit !","150","906","","0","Fabrication et pose d’un garde-corps en inox","44","Découvrez notre réalisation de Garde-corps à Thiers","51","Pourquoi choisir AL Métallerie ?","32","max-image-preview:large","index, follow, max-image-preview:large, max-snippet:-1, max-video-preview:-1","","","https://www.al-metallerie.fr/realisations/garde-corps-thiers-16-11-2022/","https://www.al-metallerie.fr/realisations/garde-corps-thiers-16-11-2022/","","","","","","92983","18680","18680","7,156","","238","45","5,289","63,547","Normal","5,591","1","2","","47","34","0","100,000","45","29","0","4","4","0","","","","","ba18c9712674b3efa3a61cd01f61182","0,253","","","","","fr-FR","1.1","","","","","","https://www.al-metallerie.fr/realisations/garde-corps-thiers-16-11-2022/","2025-12-07 12:22:17"
"https://www.al-metallerie.fr/type-realisation/portails/","text/html; charset=UTF-8","200","OK","Indexable","","Portails sur mesure | AL Métallerie & Soudure Thiers, Puy-de-Dôme","65","595","Portails sur mesure à Thiers (63) par AL Métallerie & Soudure. Fabrication artisanale, fer forgé et métal. Devis gratuit !","122","722","métallerie Thiers, ferronnier Puy-de-Dôme, soudure 63, portail sur mesure, garde-corps, escalier métallique, pergola, ferronnerie art, artisan métallier Auvergne, formation soudure","180","Portails","8","Fabrication et pose d’un portail coulissant en acier thermolaqué","64","","0","max-image-preview:large","index, follow, max-image-preview:large","","","https://www.al-metallerie.fr/type-realisation/portails/","","","","","","","101981","16884","16884","6,468","","46","10","4,600","45,840","Difficile","3,662","1","2","","36","34","0","100,000","37","29","0","4","4","0","","","","","75c5cd68251b37cede75b8c99d9bd803","0,252","","","","","fr-FR","1.1","","","","","","https://www.al-metallerie.fr/type-realisation/portails/","2025-12-07 12:22:17"
"https://www.al-metallerie.fr/wp-content/themes/almetal-theme/assets/css/realisations.css","text/css","200","OK","Indexable","","","0","0","","0","0","","0","","0","","0","","0","","","","","","","","","","","","0","0","0","0,000","","0","","","","","0,000","1","5","","0","0","0","0,000","0","0","0","0","0","0","","","","","","0,036","Sat, 06 Dec 2025 18:59:05 GMT","","","","","1.1","","","","","","https://www.al-metallerie.fr/wp-content/themes/almetal-theme/assets/css/realisations.css","2025-12-07 12:22:18"
"https://www.al-metallerie.fr/type-realisation/autres/","text/html; charset=UTF-8","200","OK","Indexable","","Autres sur mesure | AL Métallerie & Soudure Thiers, Puy-de-Dôme","63","585","Autres sur mesure à Thiers (63) par AL Métallerie & Soudure. Fabrication artisanale, fer forgé et métal. Devis gratuit !","120","715","métallerie Thiers, ferronnier Puy-de-Dôme, soudure 63, portail sur mesure, garde-corps, escalier métallique, pergola, ferronnerie art, artisan métallier Auvergne, formation soudure","180","Autres","6","Fabrication d’une piscine inox","30","Fabrication d’un évier double vasque en inox","44","max-image-preview:large","index, follow, max-image-preview:large","","","https://www.al-metallerie.fr/type-realisation/autres/","","","","","","","110361","17399","17399","6,665","","78","22","3,545","62,236","Normal","3,557","1","2","","42","34","0","100,000","43","30","0","4","4","0","","","","","2562ba76dbea88012d9c29c4c7cde594","0,253","","","","","fr-FR","1.1","","","","","","https://www.al-metallerie.fr/type-realisation/autres/","2025-12-07 12:22:18"
"https://www.al-metallerie.fr/?post_type=realisation","text/html; charset=UTF-8","200","OK","Indexable","","Nos Réalisations | Portails, Garde-corps, Escaliers | AL Métallerie & Soudure Thiers","84","731","Découvrez nos réalisations en métallerie à Thiers (63) : portails, garde-corps, escaliers, pergolas. Artisanat de qualité. Inspirez-vous pour votre projet !","156","916","métallerie Thiers, ferronnier Puy-de-Dôme, soudure 63, portail sur mesure, garde-corps, escalier métallique, pergola, ferronnerie art, artisan métallier Auvergne, formation soudure","180","Nos Réalisations","16","Fabrication et pose d’un garde-corps et d’un portillon","54","Garde-corps et portillon en acier thermolaqué","45","max-image-preview:large","index, follow, max-image-preview:large","","","https://www.al-metallerie.fr/?post_type=realisation","","","","","","","165394","20042","20042","7,678","","403","99","4,071","72,969","Assez facile","3,599","1","0","","62","34","0","100,000","88","34","0","4","4","0","","","","","8b07bffe4df6513f1fff6c945416d524","0,294","","","","","fr-FR","1.1","","","","","","https://www.al-metallerie.fr/?post_type=realisation","2025-12-07 12:22:18"
"https://www.al-metallerie.fr/type-realisation/mobilier-metallique/","text/html; charset=UTF-8","200","OK","Indexable","","Mobilier métallique sur mesure | AL Métallerie & Soudure Thiers, Puy-de-Dôme","76","698","Mobilier métallique sur mesure à Thiers (63) par AL Métallerie & Soudure. Fabrication artisanale, fer forgé et métal. Devis gratuit !","133","790","métallerie Thiers, ferronnier Puy-de-Dôme, soudure 63, portail sur mesure, garde-corps, escalier métallique, pergola, ferronnerie art, artisan métallier Auvergne, formation soudure","180","Mobilier métallique","19","Fabrication de pieds pour trois tables.","39","Fabrication d’un chariot pour la boutique Jolyfleur à Thiers","60","max-image-preview:large","index, follow, max-image-preview:large","","","https://www.al-metallerie.fr/type-realisation/mobilier-metallique/","","","","","","","110345","17208","17208","6,592","","92","23","4,000","56,564","Assez difficile","3,675","1","2","","41","34","0","100,000","43","30","0","4","4","0","","","","","f282d5dc7f67ccbf39283170883130db","0,278","","","","","fr-FR","1.1","","","","","","https://www.al-metallerie.fr/type-realisation/mobilier-metallique/","2025-12-07 12:22:18"
"https://www.al-metallerie.fr/realisations/garde-corps-thiers-18-02-2022/","text/html; charset=UTF-8","200","OK","Indexable","","Remise en état d’un balcon : soudure, redressage, thermolacage et pose – AL Métallerie Soudure | Thiers – Puy-de-Dôme","117","1076","Garde-corps à Thiers par AL Métallerie, artisan ferronnier à Thiers (63). Réalisé en 2 jours. Découvrez ce projet et demandez votre devis gratuit !","147","878","","0","Remise en état d’un balcon : soudure, redressage, thermolacage et pose","70","Notre expertise en métallerie à Thiers","38","Pourquoi choisir AL Métallerie ?","32","max-image-preview:large","index, follow, max-image-preview:large, max-snippet:-1, max-video-preview:-1","","","https://www.al-metallerie.fr/realisations/garde-corps-thiers-18-02-2022/","https://www.al-metallerie.fr/realisations/garde-corps-thiers-18-02-2022/","","","","","","92143","18570","18570","7,114","","216","36","6,000","69,537","Normal","5,450","1","2","","13","6","0","17,650","45","30","0","4","4","0","","","","","bc9e48afba8e421df1c509e0e7b4c762","0,258","","","","","fr-FR","1.1","","","","","","https://www.al-metallerie.fr/realisations/garde-corps-thiers-18-02-2022/","2025-12-07 12:22:18"
"https://www.al-metallerie.fr/formations-particuliers/","text/html; charset=UTF-8","200","OK","Indexable","","Formations Particuliers – AL Métallerie Soudure | Thiers – Puy-de-Dôme","70","644","AL Métallerie & Soudure, artisan métallier ferronnier à Thiers (63). Portails, garde-corps, escaliers sur mesure. Devis gratuit ☎ 06 73 33 35 32","144","855","métallerie Thiers, ferronnier Puy-de-Dôme, soudure 63, portail sur mesure, garde-corps, escalier métallique, pergola, ferronnerie art, artisan métallier Auvergne, formation soudure","180","Formations Particuliers","23","Nos stages pour particuliers","28","Informations pratiques","22","max-image-preview:large","index, follow, max-image-preview:large","","","https://www.al-metallerie.fr/formations-particuliers/","https://www.al-metallerie.fr/formations-particuliers/","","","","","","111362","18314","18314","7,016","","353","79","4,468","63,297","Normal","5,121","1","1","","34","34","0","100,000","35","29","0","4","4","0","","","","","8f96b5a73a6779a4de929427fa810665","0,237","","","","","fr-FR","1.1","","","","","","https://www.al-metallerie.fr/formations-particuliers/","2025-12-07 12:22:18"
"https://www.al-metallerie.fr/realisations/escaliers-lezoux-17-10-2022/","text/html; charset=UTF-8","200","OK","Indexable","","Fabrication et pose d’un escalier en acier thermolaqué avec marches en bois – AL Métallerie Soudure | Thiers – Puy-de-Dôme","122","1117","Escaliers à Lezoux par AL Métallerie, artisan ferronnier à Thiers (63). Réalisé en 2 semaines. Découvrez ce projet et demandez votre devis gratuit !","148","891","","0","Fabrication et pose d’un escalier en acier thermolaqué avec marches en bois","75","Présentation du projet de Escaliers à Lezoux","44","Pourquoi choisir AL Métallerie ?","32","max-image-preview:large","index, follow, max-image-preview:large, max-snippet:-1, max-video-preview:-1","","","https://www.al-metallerie.fr/realisations/escaliers-lezoux-17-10-2022/","https://www.al-metallerie.fr/realisations/escaliers-lezoux-17-10-2022/","","","","","","95890","18756","18756","7,185","","205","35","5,857","68,419","Normal","5,215","1","2","","45","34","0","100,000","45","30","0","4","4","0","","","","","6aa6d82a28b02c75789a837a0840850c","0,291","","","","","fr-FR","1.1","","","","","","https://www.al-metallerie.fr/realisations/escaliers-lezoux-17-10-2022/","2025-12-07 12:22:18"
"https://www.al-metallerie.fr/type-realisation/vehicules/","text/html; charset=UTF-8","200","OK","Indexable","","Véhicules sur mesure | AL Métallerie & Soudure Thiers, Puy-de-Dôme","66","613","Véhicules sur mesure à Thiers (63) par AL Métallerie & Soudure. Fabrication artisanale, fer forgé et métal. Devis gratuit !","123","733","métallerie Thiers, ferronnier Puy-de-Dôme, soudure 63, portail sur mesure, garde-corps, escalier métallique, pergola, ferronnerie art, artisan métallier Auvergne, formation soudure","180","Véhicules","9","Hard-top PickUp pour chasseur","29","","0","max-image-preview:large","index, follow, max-image-preview:large","","","https://www.al-metallerie.fr/type-realisation/vehicules/","","","","","","","101946","16880","16880","6,466","","41","10","4,100","47,917","Difficile","3,626","1","2","","35","34","0","100,000","37","29","0","4","4","0","","","","","97b80f0292652d74d5b8ba89bbf1655c","0,259","","","","","fr-FR","1.1","","","","","","https://www.al-metallerie.fr/type-realisation/vehicules/","2025-12-07 12:22:18"
"https://www.al-metallerie.fr/contact","text/html; charset=UTF-8","301","Moved Permanently","Non indexable","Redirigé","","0","0","","0","0","","0","","0","","0","","0","","","","","","","","","","","","0","0","0","0,000","","0","","","","","0,000","1","0","","87","34","0","100,000","0","0","0","0","0","0","","","","","","0,148","","https://www.al-metallerie.fr/contact/","Redirection HTTP","","","1.1","","","","","","https://www.al-metallerie.fr/contact","2025-12-07 12:22:19"
"https://www.al-metallerie.fr/realisations/garde-corps-thiers-20-11-2023/","text/html; charset=UTF-8","200","OK","Indexable","","Garde-corps et portillon en acier thermolaqué – AL Métallerie Soudure | Thiers – Puy-de-Dôme","92","840","Garde-corps à Thiers par AL Métallerie, artisan ferronnier à Thiers (63). Réalisé en 1 semaine. Découvrez ce projet et demandez votre devis gratuit !","149","899","","0","Garde-corps et portillon en acier thermolaqué","45","Présentation du projet de Garde-corps à Thiers","46","Pourquoi choisir AL Métallerie ?","32","max-image-preview:large","index, follow, max-image-preview:large, max-snippet:-1, max-video-preview:-1","","","https://www.al-metallerie.fr/realisations/garde-corps-thiers-20-11-2023/","https://www.al-metallerie.fr/realisations/garde-corps-thiers-20-11-2023/","","","","","","94986","18795","18795","7,200","","282","48","5,875","63,772","Normal","5,763","1","2","","47","34","0","100,000","45","29","0","4","4","0","","","","","e472d5b2d8fc0b7a4aab87205d8af5df","0,249","","","","","fr-FR","1.1","","","","","","https://www.al-metallerie.fr/realisations/garde-corps-thiers-20-11-2023/","2025-12-07 12:22:18"
"https://www.al-metallerie.fr/type-realisation/ferronnerie-dart/","text/html; charset=UTF-8","200","OK","Indexable","","Ferronnerie d'art sur mesure | AL Métallerie & Soudure Thiers, Puy-de-Dôme","74","673","Ferronnerie d'art sur mesure à Thiers (63) par AL Métallerie & Soudure. Fabrication artisanale, fer forgé et métal. Devis gratuit !","131","776","métallerie Thiers, ferronnier Puy-de-Dôme, soudure 63, portail sur mesure, garde-corps, escalier métallique, pergola, ferronnerie art, artisan métallier Auvergne, formation soudure","180","Ferronnerie d'art","17","Fabrication et pose d’une marquise","34","","0","max-image-preview:large","index, follow, max-image-preview:large","","","https://www.al-metallerie.fr/type-realisation/ferronnerie-dart/","","","","","","","101685","16974","16974","6,502","","44","11","4,000","50,880","Assez difficile","3,664","1","2","","36","34","0","100,000","37","29","0","4","4","0","","","","","28bb7a6bbd477169100055c2c394657f","0,230","","","","","fr-FR","1.1","","","","","","https://www.al-metallerie.fr/type-realisation/ferronnerie-dart/","2025-12-07 12:22:18"
"https://www.al-metallerie.fr/wp-content/themes/almetal-theme/assets/css/cookie-banner.css","text/css","200","OK","Indexable","","","0","0","","0","0","","0","","0","","0","","0","","","","","","","","","","","","0","0","0","0,000","","0","","","","","0,000","1","5","","0","0","0","0,000","0","0","0","0","0","0","","","","","","0,146","Sat, 06 Dec 2025 18:59:05 GMT","","","","","1.1","","","","","","https://www.al-metallerie.fr/wp-content/themes/almetal-theme/assets/css/cookie-banner.css","2025-12-07 12:22:19"
"https://www.al-metallerie.fr/realisations/garde-corps-vichy-13-06-2023/","text/html; charset=UTF-8","200","OK","Indexable","","Fabrication et pose d’un garde-corps et d’un portillon – AL Métallerie Soudure | Thiers – Puy-de-Dôme","101","902","Garde-corps à Vichy par AL Métallerie, artisan ferronnier à Thiers (63). Réalisé en 1 mois. Découvrez ce projet et demandez votre devis gratuit !","145","873","","0","Fabrication et pose d’un garde-corps et d’un portillon","54","Projet de Garde-corps réalisé à Vichy","37","Pourquoi choisir AL Métallerie ?","32","max-image-preview:large","index, follow, max-image-preview:large, max-snippet:-1, max-video-preview:-1","","","https://www.al-metallerie.fr/realisations/garde-corps-vichy-13-06-2023/","https://www.al-metallerie.fr/realisations/garde-corps-vichy-13-06-2023/","","","","","","94304","18861","18861","7,225","","268","45","5,956","66,945","Normal","5,629","1","2","","46","34","0","100,000","44","29","0","4","4","0","","","","","51ca4d32bb8e0ac8ea84a0d47a7c9f57","0,285","","","","","fr-FR","1.1","","","","","","https://www.al-metallerie.fr/realisations/garde-corps-vichy-13-06-2023/","2025-12-07 12:22:19"
"https://www.al-metallerie.fr/contact/","text/html; charset=UTF-8","200","OK","Indexable","","Contact | AL Métallerie & Soudure à Peschadoires près de Thiers (63)","68","615","Contactez AL Métallerie & Soudure à Thiers (63) pour votre projet sur mesure. Devis gratuit sous 48h. ☎ 06 73 33 35 32 ou formulaire. Réponse rapide !","150","922","métallerie Thiers, ferronnier Puy-de-Dôme, soudure 63, portail sur mesure, garde-corps, escalier métallique, pergola, ferronnerie art, artisan métallier Auvergne, formation soudure","180","Contactez-nous","14","Demande de devis","16","","0","max-image-preview:large","index, follow, max-image-preview:large","","","https://www.al-metallerie.fr/contact/","https://www.al-metallerie.fr/contact/","","","","","","93365","14813","14813","5,675","","96","26","3,692","78,831","Assez facile","4,045","1","1","","1","1","0","2,940","33","29","0","2","1","0","","","","","1d9aaa3e5dd72ae6ceabd6accee2292a","0,258","","","","","fr-FR","1.1","","","","","","https://www.al-metallerie.fr/contact/","2025-12-07 12:22:19"
"https://www.al-metallerie.fr/type-realisation/grilles/","text/html; charset=UTF-8","200","OK","Indexable","","Grilles sur mesure | AL Métallerie & Soudure Thiers, Puy-de-Dôme","64","583","Grilles sur mesure à Thiers (63) par AL Métallerie & Soudure. Fabrication artisanale, fer forgé et métal. Devis gratuit !","121","712","métallerie Thiers, ferronnier Puy-de-Dôme, soudure 63, portail sur mesure, garde-corps, escalier métallique, pergola, ferronnerie art, artisan métallier Auvergne, formation soudure","180","Grilles","7","Grilles de défense","18","Cadre design en acier","21","max-image-preview:large","index, follow, max-image-preview:large","","","https://www.al-metallerie.fr/type-realisation/grilles/","","","","","","","104295","16960","16960","6,497","","49","14","3,500","58,254","Assez difficile","3,599","1","2","","38","34","0","100,000","39","29","0","4","4","0","","","","","fab90f9c766be5e3d1848b7d16ce30ae","0,269","","","","","fr-FR","1.1","","","","","","https://www.al-metallerie.fr/type-realisation/grilles/","2025-12-07 12:22:19"
"https://www.al-metallerie.fr/wp-content/themes/almetal-theme/assets/css/footer-mountains.css","text/css","200","OK","Indexable","","","0","0","","0","0","","0","","0","","0","","0","","","","","","","","","","","","0","0","0","0,000","","0","","","","","0,000","1","5","","0","0","0","0,000","0","0","0","0","0","0","","","","","","0,050","Sat, 06 Dec 2025 18:59:05 GMT","","","","","1.1","","","","","","https://www.al-metallerie.fr/wp-content/themes/almetal-theme/assets/css/footer-mountains.css","2025-12-07 12:22:19"
"https://www.al-metallerie.fr/realisations/mobilier-metallique-thiers-08-06-2022/","text/html; charset=UTF-8","200","OK","Indexable","","Fabrication d’un chariot pour la boutique Jolyfleur à Thiers – AL Métallerie Soudure | Thiers – Puy-de-Dôme","107","952","Mobilier métallique à Thiers par AL Métallerie, artisan ferronnier à Thiers (63). Réalisé en 1 semaine. Découvrez ce projet et demandez votre devis gr...","153","914","","0","Fabrication d’un chariot pour la boutique Jolyfleur à Thiers","60","Découvrez notre réalisation de Mobilier métallique à Thiers","59","Pourquoi choisir AL Métallerie ?","32","max-image-preview:large","index, follow, max-image-preview:large, max-snippet:-1, max-video-preview:-1","","","https://www.al-metallerie.fr/realisations/mobilier-metallique-thiers-08-06-2022/","https://www.al-metallerie.fr/realisations/mobilier-metallique-thiers-08-06-2022/","","","","","","93910","18893","18893","7,238","","295","49","6,020","64,791","Normal","5,929","1","2","","47","34","0","100,000","45","29","0","5","5","0","","","","","1e4f443d8cc38f8b6feb6ca907ecd1d7","0,260","","","","","fr-FR","1.1","","","","","","https://www.al-metallerie.fr/realisations/mobilier-metallique-thiers-08-06-2022/","2025-12-07 12:22:19"
"https://www.al-metallerie.fr/wp-content/litespeed/css/fb3f135936c299c367e73a29dfdb3372.css?ver=56460","text/css","200","OK","Indexable","","","0","0","","0","0","","0","","0","","0","","0","","","","","","","","","","","","0","0","0","0,000","","0","","","","","0,000","1","3","","0","0","0","0,000","0","0","0","0","0","0","","","","","","0,054","Sun, 07 Dec 2025 11:22:07 GMT","","","","","1.1","","","","","","https://www.al-metallerie.fr/wp-content/litespeed/css/fb3f135936c299c367e73a29dfdb3372.css?ver=56460","2025-12-07 12:22:19"
"https://www.al-metallerie.fr/formations/","text/html; charset=UTF-8","200","OK","Indexable","","Formations Soudure & Métallerie | AL Métallerie & Soudure Thiers (63)","69","625","Formations soudure MIG, TIG, ARC à Thiers (63). Stages pour particuliers et pros. Apprenez avec un artisan métallier expérimenté. Inscrivez-vous maintenant !","157","974","métallerie Thiers, ferronnier Puy-de-Dôme, soudure 63, portail sur mesure, garde-corps, escalier métallique, pergola, ferronnerie art, artisan métallier Auvergne, formation soudure","180","Nos Formations en Ferronnerie","29","Formations Particuliers","23","Formations Professionnels","25","max-image-preview:large","index, follow, max-image-preview:large","","","https://www.al-metallerie.fr/formations/","https://www.al-metallerie.fr/formations/","","","","","","105342","17889","17889","6,853","","241","47","5,128","43,664","Difficile","4,915","1","1","","34","34","0","100,000","36","30","0","4","4","0","","","","","e9a62f0e6d9ded0f328259addb44657d","0,261","","","","","fr-FR","1.1","","","","","","https://www.al-metallerie.fr/formations/","2025-12-07 12:22:19"
"https://www.al-metallerie.fr/wp-content/litespeed/css/e495e5c2c9fde1c6eee6d5788f9d14f1.css?ver=56460","text/css","200","OK","Indexable","","","0","0","","0","0","","0","","0","","0","","0","","","","","","","","","","","","0","0","0","0,000","","0","","","","","0,000","2","3","","0","0","0","0,000","0","0","0","0","0","0","","","","","","0,051","Sun, 07 Dec 2025 11:22:18 GMT","","","","","1.1","","","","","","https://www.al-metallerie.fr/wp-content/litespeed/css/e495e5c2c9fde1c6eee6d5788f9d14f1.css?ver=56460","2025-12-07 12:22:19"
"https://www.al-metallerie.fr/realisations/mobilier-metallique-cournon-dauvergne-18-11-2022/","text/html; charset=UTF-8","200","OK","Indexable","","Fabrication de pieds pour trois tables. – AL Métallerie Soudure | Thiers – Puy-de-Dôme","86","770","Mobilier métallique à Cournon d'auvergne par AL Métallerie, artisan ferronnier à Thiers (63). Réalisé en 3 jours. Découvrez ce projet et demandez votr...","153","922","","0","Fabrication de pieds pour trois tables.","39","Présentation du projet de Mobilier métallique à Cournon d'auvergne","66","Pourquoi choisir AL Métallerie ?","32","max-image-preview:large","index, follow, max-image-preview:large, max-snippet:-1, max-video-preview:-1","","","https://www.al-metallerie.fr/realisations/mobilier-metallique-cournon-dauvergne-18-11-2022/","https://www.al-metallerie.fr/realisations/mobilier-metallique-cournon-dauvergne-18-11-2022/","","","","","","95488","18798","18798","7,201","","293","50","5,860","62,871","Normal","5,846","1","2","","47","34","0","100,000","45","29","0","4","4","0","","","","","1a84e0f4aac58314f51dff5dd40643e8","0,339","","","","","fr-FR","1.1","","","","","","https://www.al-metallerie.fr/realisations/mobilier-metallique-cournon-dauvergne-18-11-2022/","2025-12-07 12:22:19"
"https://www.al-metallerie.fr/wp-content/litespeed/css/99a7559b902d0f0c4c8bfc482815f91e.css?ver=56460","text/css","200","OK","Indexable","","","0","0","","0","0","","0","","0","","0","","0","","","","","","","","","","","","0","0","0","0,000","","0","","","","","0,000","2","3","","0","0","0","0,000","0","0","0","0","0","0","","","","","","0,074","Sun, 07 Dec 2025 11:22:17 GMT","","","","","1.1","","","","","","https://www.al-metallerie.fr/wp-content/litespeed/css/99a7559b902d0f0c4c8bfc482815f91e.css?ver=56460","2025-12-07 12:22:19"
"https://www.al-metallerie.fr/formations-particuliers","text/html; charset=UTF-8","301","Moved Permanently","Non indexable","Redirigé","","0","0","","0","0","","0","","0","","0","","0","","","","","","","","","","","","0","0","0","0,000","","0","","","","","0,000","2","0","","1","1","0","2,940","0","0","0","0","0","0","","","","","","0,134","","https://www.al-metallerie.fr/formations-particuliers/","Redirection HTTP","","","1.1","","","","","","https://www.al-metallerie.fr/formations-particuliers","2025-12-07 12:22:19"
"https://www.al-metallerie.fr/wp-content/litespeed/css/578ed85befbe3920f786143c4e02f5e2.css?ver=56460","text/css","200","OK","Indexable","","","0","0","","0","0","","0","","0","","0","","0","","","","","","","","","","","","0","0","0","0,000","","0","","","","","0,000","2","3","","0","0","0","0,000","0","0","0","0","0","0","","","","","","0,152","Sun, 07 Dec 2025 11:22:17 GMT","","","","","1.1","","","","","","https://www.al-metallerie.fr/wp-content/litespeed/css/578ed85befbe3920f786143c4e02f5e2.css?ver=56460","2025-12-07 12:22:19"
"https://www.al-metallerie.fr/mentions-legales/","text/html; charset=UTF-8","200","OK","Indexable","","Mentions Légales – AL Métallerie Soudure | Thiers – Puy-de-Dôme","63","593","AL Métallerie & Soudure, artisan métallier ferronnier à Thiers (63). Portails, garde-corps, escaliers sur mesure. Devis gratuit ☎ 06 73 33 35 32","144","855","métallerie Thiers, ferronnier Puy-de-Dôme, soudure 63, portail sur mesure, garde-corps, escalier métallique, pergola, ferronnerie art, artisan métallier Auvergne, formation soudure","180","Mentions Légales","16","01 Éditeur du site","18","02 Directeur de publication","27","max-image-preview:large","index, follow, max-image-preview:large","","","https://www.al-metallerie.fr/mentions-legales/","https://www.al-metallerie.fr/mentions-legales/","","","","","","106876","18901","18901","7,241","","756","156","4,846","59,909","Assez difficile","8,097","2","1","","0","0","0","0,000","38","29","0","5","5","0","","","","","fdf2f04549e7ec73d835c7f816de8995","0,332","","","","","fr-FR","1.1","","","","","","https://www.al-metallerie.fr/mentions-legales/","2025-12-07 12:22:19"
"https://www.al-metallerie.fr/realisations/mobilier-metallique-thiers-20-12-2022/","text/html; charset=UTF-8","200","OK","Indexable","","Fabrication et pose d’une verrière en acier thermolaqué – AL Métallerie Soudure | Thiers – Puy-de-Dôme","102","928","Mobilier métallique à Thiers par AL Métallerie, artisan ferronnier à Thiers (63). Réalisé en 1 semaine. Découvrez ce projet et demandez votre devis gr...","153","914","","0","Fabrication et pose d’une verrière en acier thermolaqué","55","Découvrez notre réalisation de Mobilier métallique à Thiers","59","Pourquoi choisir AL Métallerie ?","32","max-image-preview:large","index, follow, max-image-preview:large, max-snippet:-1, max-video-preview:-1","","","https://www.al-metallerie.fr/realisations/mobilier-metallique-thiers-20-12-2022/","https://www.al-metallerie.fr/realisations/mobilier-metallique-thiers-20-12-2022/","","","","","","122397","25264","25264","9,678","","273","49","5,571","62,969","Normal","4,486","2","2","","11","5","0","14,710","45","30","0","4","4","0","","","","","6c24d8675e07621c7899a5b971204f57","0,262","","","","","fr-FR","1.1","","","","","","https://www.al-metallerie.fr/realisations/mobilier-metallique-thiers-20-12-2022/","2025-12-07 12:22:19"
"https://www.al-metallerie.fr/realisations/autres-vichy-04-10-2021/","text/html; charset=UTF-8","200","OK","Indexable","","Récupérateur d’eau de pluie en inox – AL Métallerie Soudure | Thiers – Puy-de-Dôme","82","752","Autres à Vichy par AL Métallerie, artisan ferronnier à Thiers (63). Réalisé en 2 jours. Découvrez ce projet et demandez votre devis gratuit !","141","838","","0","Récupérateur d’eau de pluie en inox","35","Présentation du projet de Autres à Vichy","40","Pourquoi choisir AL Métallerie ?","32","max-image-preview:large","index, follow, max-image-preview:large, max-snippet:-1, max-video-preview:-1","","","https://www.al-metallerie.fr/realisations/autres-vichy-04-10-2021/","https://www.al-metallerie.fr/realisations/autres-vichy-04-10-2021/","","","","","","96967","18663","18663","7,149","","196","34","5,765","76,674","Assez facile","4,944","2","2","","11","5","0","14,710","45","30","0","4","4","0","","","","","9ace6c012c7521c4972272f9b8370d40","0,392","","","","","fr-FR","1.1","","","","","","https://www.al-metallerie.fr/realisations/autres-vichy-04-10-2021/","2025-12-07 12:22:19"
"https://www.al-metallerie.fr/wp-content/litespeed/css/ac8e35d30402bbb0adb14abc5f8e3a9a.css?ver=56460","text/css","200","OK","Indexable","","","0","0","","0","0","","0","","0","","0","","0","","","","","","","","","","","","0","0","0","0,000","","0","","","","","0,000","2","3","","0","0","0","0,000","0","0","0","0","0","0","","","","","","0,085","Sun, 07 Dec 2025 11:22:15 GMT","","","","","1.1","","","","","","https://www.al-metallerie.fr/wp-content/litespeed/css/ac8e35d30402bbb0adb14abc5f8e3a9a.css?ver=56460","2025-12-07 12:22:20"
"https://www.al-metallerie.fr/wp-content/litespeed/css/f305d47ddcddb3a3d49e013b04e60b05.css?ver=56460","text/css","200","OK","Indexable","","","0","0","","0","0","","0","","0","","0","","0","","","","","","","","","","","","0","0","0","0,000","","0","","","","","0,000","2","3","","0","0","0","0,000","0","0","0","0","0","0","","","","","","0,166","Sun, 07 Dec 2025 11:22:14 GMT","","","","","1.1","","","","","","https://www.al-metallerie.fr/wp-content/litespeed/css/f305d47ddcddb3a3d49e013b04e60b05.css?ver=56460","2025-12-07 12:22:20"
"https://www.al-metallerie.fr/wp-content/litespeed/css/76ddde9ad08eab25fcd0335122f841ae.css?ver=56460","text/css","200","OK","Indexable","","","0","0","","0","0","","0","","0","","0","","0","","","","","","","","","","","","0","0","0","0,000","","0","","","","","0,000","3","3","","0","0","0","0,000","0","0","0","0","0","0","","","","","","0,173","Sun, 07 Dec 2025 11:22:18 GMT","","","","","1.1","","","","","","https://www.al-metallerie.fr/wp-content/litespeed/css/76ddde9ad08eab25fcd0335122f841ae.css?ver=56460","2025-12-07 12:22:20"
"https://www.al-metallerie.fr/realisations/garde-corps-thiers-05-07-2021/","text/html; charset=UTF-8","200","OK","Indexable","","Fabrication garde corps – AL Métallerie Soudure | Thiers – Puy-de-Dôme","70","645","Garde-corps à Thiers par AL Métallerie, artisan ferronnier à Thiers (63). Réalisé en 3 jours. Découvrez ce projet et demandez votre devis gratuit !","147","878","","0","Fabrication garde corps","23","Projet de Garde-corps réalisé à Thiers","38","Pourquoi choisir AL Métallerie ?","32","max-image-preview:large","index, follow, max-image-preview:large, max-snippet:-1, max-video-preview:-1","","","https://www.al-metallerie.fr/realisations/garde-corps-thiers-05-07-2021/","https://www.al-metallerie.fr/realisations/garde-corps-thiers-05-07-2021/","","","","","","95491","18819","18819","7,209","","257","48","5,354","59,194","Assez difficile","5,502","2","2","","10","4","0","11,760","44","30","0","4","4","0","","","","","65c33efb9434ab33570e3029356281f3","0,260","","","","","fr-FR","1.1","","","","","","https://www.al-metallerie.fr/realisations/garde-corps-thiers-05-07-2021/","2025-12-07 12:22:20"
"https://www.al-metallerie.fr/politique-confidentialite/","text/html; charset=UTF-8","200","OK","Indexable","","Politiques De Confidentialités – AL Métallerie Soudure | Thiers – Puy-de-Dôme","77","699","AL Métallerie & Soudure, artisan métallier ferronnier à Thiers (63). Portails, garde-corps, escaliers sur mesure. Devis gratuit ☎ 06 73 33 35 32","144","855","métallerie Thiers, ferronnier Puy-de-Dôme, soudure 63, portail sur mesure, garde-corps, escalier métallique, pergola, ferronnerie art, artisan métallier Auvergne, formation soudure","180","Politique de Confidentialité","28","01 Responsable du traitement","28","02 Données collectées","21","max-image-preview:large","index, follow, max-image-preview:large","","","https://www.al-metallerie.fr/politique-confidentialite/","https://www.al-metallerie.fr/politique-confidentialite/","","","","","","104167","18167","18167","6,959","","520","133","3,910","74,990","Assez facile","6,374","2","1","","0","0","0","0,000","36","29","0","5","5","0","","","","","77173feb3142aae7f4948196637cc668","0,223","","","","","fr-FR","1.1","","","","","","https://www.al-metallerie.fr/politique-confidentialite/","2025-12-07 12:22:20"
